,loss,acc,val_loss,val_acc
0,0.40424931049346924,0.8717666864395142,0.09955407679080963,0.9700000286102295
1,0.13803839683532715,0.957966685295105,0.06782948970794678,0.9787999987602234
2,0.1098509356379509,0.9662500023841858,0.05343335121870041,0.983299970626831
3,0.09295076131820679,0.9713500142097473,0.05117072910070419,0.9843000173568726
4,0.08726843446493149,0.9729833602905273,0.04763469845056534,0.984499990940094
